0.544282424072625, -0.83881765629792, 0
0.561716494049779, 0.827290359564886, 0
0.578016537745248, -0.815952055860414, 0
0.56528723191372, 0.824309167960379, 0
0.469402895005693, -0.87843705352353, 0
0.497445117423119, -0.864318601818474, 0
0.564374414629337, -0.822792945748502, 0
0.609036545727769, -0.791590517848466, 0
0.665562650234889, -0.743813325545488, 0
0.732534184899355, -0.67783205747197, 0
0.792410529225936, -0.605252889916908, 0
0.837900058834689, -0.542088966657385, 0
0.862982511167894, -0.503155834393164, 0
0.88857351566291, -0.457014003995129, 0
0.915845696428912, -0.400416002334495, 0
0.94187997358356, -0.333757677655714, 0
0.964817416834841, -0.260865651024127, 0
0.980591891059042, -0.193791596113042, 0
0.991208559941923, -0.129903751319946, 0
0.997457083882136, -0.0662104109214091, 0
0.999684969590431, -0.000954597801320981, 0
0.997391669848956, 0.0663993267339719, 0
0.990679230327924, 0.133786329404654, 0
0.980227041830617, 0.196001121643713, 0
0.965254756147816, 0.259229310403211, 0
0.944259210627054, 0.327063003249605, 0
0.919375247310899, 0.391772702025593, 0
0.890966765872347, 0.452205084567468, 0
0.85735744724593, 0.512702484053774, 0
0.817298656207455, 0.574047905751305, 0
0.777963005682414, 0.626329269083036, 0
0.735580692381661, 0.674580731646462, 0
0.680411213832574, 0.729918800387864, 0
0.609355176747943, 0.790128177974613, 0
0.550058187273575, 0.833404278617009, 0
0.513290831469118, 0.855001406894442, 0
0.489631855734179, 0.866530234765335, 0
0.45094700488197, 0.884857530124995, 0
0.392785113493029, 0.915335688236182, 0
0.35522217043519, 0.930686794706658, 0
0.318838548746851, 0.94351566836165, 0
0.279299685640088, 0.955689543844882, 0
0.2366488335786, 0.966801427944563, 0
0.438555527712566, 0.522001384606923, 0
0.684328057631171, -0.632847721206721, 0
0.248596389863611, -0.961446619937119, 0
0.31161874961248, -0.943053679841863, 0
0.387089624919331, -0.915060028280603, 0
0.474671387094837, -0.873211585921669, 0
0.577446947808562, -0.809195311597924, 0
0.697103118949108, -0.708698012776337, 0
0.827846222778204, -0.549564016982309, 0
0.943341739416908, -0.309667290271004, 0
0.992418278161593, 1.16285777303678e-11, 0
0.943341739403596, 0.309667290307259, 0
0.827846222753075, 0.549564017020485, 0
0.697103118919989, 0.708698012806259, 0
0.577446947773471, 0.809195311624677, 0
0.474671387059599, 0.873211585943113, 0
0.387089624891448, 0.91506002829402, 0
0.3116187496117, 0.943053679842929, 0
0.248596389883159, 0.961446619930509, 0
0.684328057665587, 0.632847721151075, 0
0.438555527681616, -0.522001384653462, 0
0.236648833519211, -0.966801427963086, 0
0.27929968562154, -0.955689543850344, 0
0.318838548764384, -0.943515668354391, 0
0.355877246194104, -0.930375069315973, 0
0.393272710718912, -0.91510157346006, 0
0.451015008483417, -0.884773683602337, 0
0.508816770333263, -0.853585712764253, 0
0.527818454716502, -0.845040802626412, 0
0.561825239604191, -0.824833605748159, 0
0.624373651635444, -0.776804292699459, 0
0.69306688001247, -0.717304985271112, 0
0.739355621132991, -0.670071465787666, 0
0.784091652616553, -0.617695219855996, 0
0.825280068834682, -0.561945160823021, 0
0.862993280978111, -0.502409037071925, 0
0.891532827431713, -0.451480040134641, 0
0.919566940203488, -0.390164860709006, 0
0.94706899116664, -0.318980816529418, 0
0.965841671747622, -0.257038148784185, 0
0.980686230240349, -0.193245766130701, 0
0.991115418488951, -0.130738862987044, 0
0.997463181017853, -0.0655223558579684, 0
0.999701605644831, 0.000813096829505576, 0
0.997580526202983, 0.0646962310001681, 0
0.99125654107867, 0.12913880577052, 0
0.980719266911135, 0.193191724060763, 0
0.965681559647886, 0.257666980000553, 0
0.943636974765088, 0.328690107841496, 0
0.920442251884595, 0.389596737920505, 0
0.895958171169113, 0.441610549504915, 0
0.868910141350012, 0.492070847890842, 0
0.844151174505029, 0.531507081656087, 0
0.800872899333122, 0.592858478839998, 0
0.740933938267982, 0.667898595906341, 0
0.673107004853598, 0.736403003453456, 0
0.61914714262619, 0.783189727560273, 0
0.586483945589281, 0.805926765452592, 0
0.55573946068799, 0.825019242639501, 0
0.526551090359092, 0.841279476203912, 0
0.418682722573267, 0.902137305747169, 0
0.361151003259051, 0.93039790890187, 0
0.335000161171792, 0.939378170332902, 0
0.286654289385461, 0.955326197666308, 0
0.249971843756909, 0.965645401133618, 0
0.231973143853937, 0.968260189475022, 0
0.441558228707375, 0.509575190954115, 0
0.668290842086426, -0.647411959335853, 0
0.227013770386853, -0.968425522404634, 0
0.291747838427168, -0.950939169997189, 0
0.369265354498007, -0.923805880076104, 0
0.45930600029292, -0.882637063047782, 0
0.565049359786789, -0.818946318975171, 0
0.694530107349385, -0.71052763583393, 0
0.831504765046279, -0.544451541091295, 0
0.944144065823183, -0.307969176857115, 0
0.992174352103479, 0.000917587760023967, 0
0.942843945691977, 0.311539255303496, 0
0.829370032892648, 0.548007590524433, 0
0.694826812193419, 0.710596299933503, 0
0.567411419896074, 0.81715543661421, 0
0.460402773390194, 0.881934634334186, 0
0.36926535450036, 0.92380588007537, 0
0.291747838427531, 0.950939169997314, 0
0.22951377550009, 0.967747861807616, 0
0.667558261150323, 0.651249989032214, 0
0.450147549728115, -0.508612376119116, 0
0.240065966942153, -0.958316526516016, 0
0.317475016714241, -0.939087289436337, 0
0.30384338448195, -0.94921281239386, 0
0.345909983727735, -0.934732693683147, 0
0.398134035555683, -0.911888562634205, 0
0.449599242075434, -0.886812473066739, 0
0.999086761154374, -0.0318309201186451, 0
0.963941888358998, -0.202700250990249, 0
0.966241851605712, 0.196576762492376, 0
0.999096805762962, 0.0314720087352485, 0
0.949782763717238, 0.311002886067337, 0
0.378016744242295, 0.916762915712723, 0
0.949307970781709, -0.312539388228108, 0
0.386864027909854, -0.915364389292742, 0
0.274748390157297, -0.953329736147893, 0
0.92372911584808, -0.381021459418073, 0
0.271514478354908, 0.95545598876878, 0
0.921958654879617, 0.385621683606445, 0
0.403372054215775, -0.230563666291459, 0
0.394888057810452, 0.146731624462722, 0
0.815746993689255, -0.575718272722031, 0
0.818047142914767, 0.572104033388516, 0
0.365694709335147, 0.505095417361895, 0
0.767866323049089, -0.638320765719808, 0
0.369944957332595, -0.495851144428101, 0
0.765276360077281, 0.642009082523849, 0
0.664603160307026, 0.744998588129617, 0
0.190660715610609, -0.979188841720612, 0
0.662146639727201, -0.747566378693983, 0
0.183082936276728, 0.981090495340849, 0
0.234021584270548, 0.96990531022612, 0
0.604116122425884, -0.793862132941887, 0
0.224778495350679, -0.97289380809448, 0
0.599800523360045, 0.798138217872782, 0
0.829816680556184, 0.534701613807057, 0
0.993938055949273, 0.105603978289918, 0
0.657842962558248, -0.738963863139603, 0
0.983604460242255, -0.177559712199339, 0
0.85410160749198, -0.51785275080907, 0
0.667491659520268, 0.730730109354506, 0
0.533017232663722, 0.843272189007946, 0
0.274251941063118, -0.959452127010289, 0
0.197601500456121, 0.973525814806453, 0
0.983327966528119, 0.179191520455937, 0
0.890934752039413, 0.451996262727442, 0
0.26300946574991, 0.963247228758257, 0
0.436687813036476, -0.736131156474325, 0
0.99397881191166, -0.105535470323826, 0
0.838789625114639, -0.522295733440152, 0
0.413097671301957, 0.792362549493588, 0
0.528426960260769, -0.846718415637049, 0
0.854835094011399, 0.517134881412953, 0
0.194608213532558, -0.975297815090659, 0
0.887644630682271, -0.45878273422301, 0
0.312483300572526, 0.947815572615268, 0
0.46442857482288, -0.88255071541555, 0
0.301820808754785, -0.951527817491334, 0
0.461089886331342, 0.884899524678545, 0
0.33699050218226, 0.940606146158888, 0
0.346284374210669, -0.93585523712926, 0
0.389389467759829, -0.919365463767106, 0
0.963941888349593, 0.202700251027057, 0
0.966169743393377, 2.20321446272228e-11, 0
0.818177414916373, -0.529894611608882, 0
0.806337716133511, -0.436788511164541, 0
0.806337716117893, 0.436788511203329, 0
0.804581203057141, 1.59859162944069e-12, 0
0.583487902224631, 0.0468295541900649, 0
0.832144139218077, 0.410668450667524, 0
0.832144139213987, -0.41066845068032, 0
0.97732464098664, -3.67279355077225e-12, 0
0.876530618389079, -0.443748503485166, 0
0.977346817626104, -0.163036759450706, 0
0.97734681762639, 0.163036759447378, 0
0.995114634894918, -1.24537417415619e-12, 0
0.968319671350765, -0.230782130732415, 0
0.993038952553217, -0.0909947894191954, 0
0.993038952552891, 0.0909947894207486, 0
0.998250252639486, 6.45717275945164e-13, 0
0.988198478249316, -0.141592536867477, 0
0.997217602617548, -0.0576165605793004, 0
0.997217602617311, 0.0576165605820355, 0
0.999267576468266, 1.03327184771314e-12, 0
0.994986116568295, -0.0924050980525202, 0
0.998810541988657, -0.0376688411851301, 0
0.998810541988522, 0.03766884118784, 0
0.999693258729545, 1.06598526302311e-12, 0
0.997883586094245, -0.0599959468129559, 0
0.999527667137547, -0.0236956526819551, 0
0.999527667137477, 0.0236956526844105, 0
0.999891419126684, 9.67771580466052e-13, 0
0.999245268318823, -0.0356798338856512, 0
0.999863116837151, -0.0126497995644915, 0
0.999863116837122, 0.0126497995663413, 0
0.999979296744969, 4.78577102715668e-13, 0
0.999851979184718, -0.0153432552139028, 0
0.999989498428076, -0.0029501018743644, 0
0.999989498428074, 0.00295010187472398, 0
0.9999981847625, -1.04930531856044e-13, 0
0.99998262405987, 0.00344890413194797, 0
0.999982624059869, -0.0034489041321125, 0
0.999961965893385, 0.00645523712593381, 0
0.99978044883597, 0.0191537782760935, 0
0.999691548785134, 0.0225799877691553, 0
0.998933201843723, 0.0443929573492083, 0
0.998688707044966, 0.0489348380206347, 0
0.996678056717489, 0.0796117751658382, 0
0.997778118447261, 0.0647597850316506, 0
0.993997849320488, 0.107622224438503, 0
0.996362526754564, 0.0831561423791984, 0
0.991868732100628, 0.125380753379177, 0
0.986816118646148, 0.160084638218074, 0
0.982893374680965, 0.182237218326178, 0
0.974595827972852, 0.222202860082848, 0
0.967619428444777, 0.250425407389966, 0
0.955385743912575, 0.293579662201986, 0
0.979658877563441, 0.198295882153751, 0
0.966392917970569, 0.255384320982412, 0
0.944090081278485, 0.328031220644376, 0
0.958929097976469, 0.282005474759559, 0
0.99976897085634, 0.0165140902403712, 0
0.960925249230914, 0.274381908706255, 0
0.977590568656196, 0.207336509574141, 0
0.934423789261641, 0.354590358477693, 0
0.913024788523427, 0.406272016833357, 0
0.95259407897589, 0.302632210562735, 0
0.901783397189067, 0.430669714916461, 0
0.954919370817355, 0.293682840585995, 0
0.977197973317334, 0.207699902995838, 0
0.872049925652056, 0.487813319045937, 0
0.86044615262096, 0.508073906246585, 0
0.950087921162205, 0.307499126755544, 0
0.97900941778077, 0.196381930424038, 0
0.820762217832026, 0.569704171525248, 0
0.810520328500603, 0.584296610658137, 0
0.852575564090931, 0.521241044526667, 0
0.804594148787423, 0.592527798644341, 0
0.759779082954129, 0.648665311224137, 0
0.947086100243042, 0.314128994126366, 0
0.983399353287482, 0.167733047636258, 0
0.996153451516687, 0.0677230714944074, 0
0.997514498783697, 2.30235404815223e-09, 0
0.996153451515572, -0.0677230715108192, 0
0.983399353645854, -0.167733045251721, 0
0.97900941777777, -0.196381930439009, 0
0.947086113639117, -0.314128961793104, 0
0.950087921158183, -0.30749912676801, 0
0.901359010557933, -0.428654414957345, 0
0.916691717676996, -0.396394477605648, 0
0.857142272281828, -0.511878652599333, 0
0.884714319997841, -0.463636235716541, 0
0.820166775164204, -0.569633025329798, 0
0.857481520345463, -0.512452597184752, 0
0.79207117053396, -0.608389144701185, 0
0.836190382013784, -0.546667948476471, 0
0.887761163676965, -0.458515181937103, 0
0.872049925650781, -0.487813319048217, 0
0.913024788522314, -0.406272016835844, 0
0.772368595126969, -0.633441052929721, 0
0.9017833971884, -0.430669714917851, 0
0.934423789261122, -0.354590358479038, 0
0.926693427401166, -0.37430709072231, 0
0.952594078975815, -0.302632210562939, 0
0.94755663491029, -0.317998286547263, 0
0.967844391660374, -0.249775824481733, 0
0.893406433526943, -0.447817265515267, 0
0.964802767848899, -0.261190840368785, 0
0.980262812220736, -0.195569839780079, 0
0.982379404935906, -0.184825221420139, 0
0.990747562569343, -0.132941630774859, 0
0.989781987056421, -0.139709446668041, 0
0.996533634082365, -0.0785808002619796, 0
0.944090081277698, -0.328031220646615, 0
0.996223982678214, -0.0820263749813286, 0
0.999382393236646, -0.0216867466369361, 0
0.99944286388004, -0.020595214239082, 0
0.998983422682168, 0.0360603814555532, 0
0.999099345649129, 0.0339350784665656, 0
0.995488423514238, 0.0910353229597113, 0
0.995007994301376, 0.0957728127588332, 0
0.988011078514339, 0.151789625065241, 0
0.989329504139403, 0.143202087439167, 0
0.978174550902163, 0.205789434024408, 0
0.976015859966816, 0.215666906200705, 0
0.961840135837586, 0.271892991310514, 0
0.965689522494206, 0.257983756246167, 0
0.944420624070257, 0.327168677115353, 0
0.939680512693457, 0.340511440872727, 0
0.91636584076592, 0.398874595754263, 0
0.923545407514267, 0.381958701892482, 0
0.888440735531939, 0.457522685987847, 0
0.881150894949828, 0.471450701556162, 0
0.845074311433116, 0.53323809767963, 0
0.854985835668565, 0.517113386549339, 0
0.801684544796453, 0.596255771126045, 0
0.793860373893035, 0.606748352761088, 0
0.739838917850255, 0.671348475685804, 0
0.748956605729842, 0.66098823513346, 0
0.735899141941638, 0.675801875907153, 0
0.847892120128321, 0.528889342215724, 0
0.821991807882227, -0.565154882802111, 0
0.989718947452236, 0.110430611923565, 0
0.712227952399162, -0.699962857374164, 0
0.697862532508511, -0.714556901105222, 0
0.802121618843675, 0.595955848266389, 0
0.674444987237982, 0.736758703005584, 0
0.683921621299232, 0.727717256745401, 0
0.977197973314894, -0.207699903007307, 0
0.901358995983839, 0.428654444227094, 0
0.845817300831497, 0.53226209420667, 0
0.621259326187347, -0.781704525958974, 0
0.615683105969322, -0.786396654557337, 0
0.594525585834572, 0.802326267150209, 0
0.602309809349798, 0.796132873007764, 0
0.702030895814084, 0.709915500800102, 0
0.620680889425837, 0.781358442278807, 0
0.971711581626063, 0.234412735667119, 0
0.967844391660133, 0.249775824482707, 0
0.982379404935643, 0.184825221421588, 0
0.98026281222032, 0.195569839782227, 0
0.990747562568979, 0.13294163077767, 0
0.989781987055956, 0.139709446671439, 0
0.996533634082041, 0.078580800266285, 0
0.996223982677837, 0.0820263749860978, 0
0.999382393236536, 0.0216867466427155, 0
0.989051073005777, 0.144620742916817, 0
0.999336009857867, 0.0224881109412958, 0
0.998891509260459, -0.0376604768146535, 0
0.998983422682428, -0.0360603814487776, 0
0.995007994302179, -0.0957728127506546, 0
0.995488423514958, -0.0910353229520038, 0
0.98801107851576, -0.151789625056111, 0
0.986980946885079, -0.158171076972653, 0
0.976016188110519, -0.215665452096133, 0
0.978174550904338, -0.205789434014174, 0
0.961840135840918, -0.271892991298806, 0
0.958934604357787, -0.281909581900675, 0
0.939681082181688, -0.340509897776727, 0
0.944420624074767, -0.32716867710241, 0
0.916365840772033, -0.39887459574028, 0
0.911276132711439, -0.410380446585485, 0
0.881150962217648, -0.471450577488185, 0
0.888440735539822, -0.457522685972601, 0
0.845074311443093, -0.533238097663875, 0
0.838856040044712, -0.543041662008823, 0
0.793860341986579, -0.606748393593476, 0
0.801684544808992, -0.596255771109244, 0
0.739838917865133, -0.671348475669454, 0
0.735899318462678, -0.675801710619718, 0
0.748956605745613, -0.66098823511565, 0
0.674444987256172, -0.73675870298898, 0
0.683921621319041, -0.727717256726847, 0
0.764753774275337, -0.642421385628653, 0
0.702030895835323, -0.709915500779184, 0
0.594525585856692, -0.80232626713386, 0
0.69079712762258, -0.721594759819586, 0
0.616358179784408, -0.786084908125796, 0
0.689154383063406, -0.723324007808536, 0
0.621401840498848, -0.782271052345006, 0
0.69147616814347, -0.721233547738448, 0
0.629467753394183, -0.775928034168509, 0
0.802335121439293, 0.595744381338328, 0
0.751295673070345, 0.658830911387175, 0
0.696651625185684, -0.716342017275318, 0
0.754654350572648, 0.65506635643487, 0
0.696651625183401, 0.71634201727753, 0
0.731550001178059, 0.678959385973185, 0
0.788852089948316, -0.612290450181779, 0
0.551883531697181, -0.832773055792361, 0
0.566152752158246, -0.823269090014483, 0
0.523958842064223, -0.849933260055486, 0
0.525200425488243, -0.848771205042054, 0
0.964802767848504, 0.261190840370288, 0
0.998982531314356, 0.0423757974964483, 0
0.751295673072002, -0.658830911385292, 0
0.754654350574742, -0.655066356432464, 0
0.802335121440889, -0.595744381336183, 0
0.998456520152389, 0.0523169477066754, 0
0.99978503210721, 0.0127628433214444, 0
0.999516704242478, -0.0191781093347612, 0
0.999236739553852, 0.0312292499372698, 0
0.999601556082224, -0.0174074430666391, 0
0.999389916440034, 0.0279044940947394, 0
0.999693101948145, -0.0152679631815238, 0
0.999549687996686, 0.023948951278208, 0
0.997497567741015, 0.0677032580975299, 0
0.99933600985799, -0.0224881109351388, 0
0.995996417507002, -0.0844698932916988, 0
0.999303229645911, -0.0230377446086215, 0
0.995845215198984, -0.0860566594028811, 0
0.790073832516556, 0.611768550988336, 0
0.735877336284464, 0.675938752909551, 0
0.789437637674316, 0.61267451585781, 0
0.738788094219999, 0.672851500369346, 0
0.677698400219786, 0.734230496055757, 0
0.684904854349703, 0.727611006833871, 0
0.617144687771347, 0.785806484003749, 0
0.990909030148248, 0.129540288701098, 0
0.883646265478282, 0.461586798853067, 0
0.821990915997034, 0.565155998460179, 0
0.773359140968883, 0.627664881624593, 0
0.707037375596036, 0.702985971359741, 0
0.611704777120697, 0.785214490808956, 0
0.561996111614922, 0.82322133452649, 0
0.943823680874812, -0.328881016669212, 0
0.697474306696235, 0.706644204448547, 0
0.946877418402262, -0.309923774047137, 0
0.998823684595285, -0.0387992556513874, 0
0.999303210605685, 0.0230380948311342, 0
0.998778348811117, -0.0395426783140478, 0
0.999282783880167, 0.0233742469951931, 0
0.59406573668193, -0.802929191972596, 0
0.73155000119929, -0.678959385950337, 0
0.620680889451538, -0.781358442258489, 0
0.566940932498057, -0.795250983368088, 0
0.566940932496725, 0.795250983368241, 0
0.501311405711885, -0.863623063296697, 0
0.511345216533067, -0.857977675483339, 0
0.498218765821294, 0.864525202676876, 0
0.845810773032051, 0.532330880283532, 0
0.882693433780045, 0.468695743661757, 0
0.99928229516105, -0.0233954929870546, 0
0.998778348810786, 0.039542678321906, 0
0.791361658116247, 0.610264293410223, 0
0.834951527881561, 0.549158242592149, 0
0.482713278015481, -0.874705112506401, 0
0.503158134955594, -0.863230482959312, 0
0.46017874008933, 0.879104176041418, 0
0.555825492258139, 0.813418043172174, 0
0.882616374096161, 0.468886188537992, 0
0.913629532018089, 0.405204901018809, 0
0.70383994581792, 0.709370164528897, 0
0.639584123034286, 0.767718804201869, 0
0.629467753391628, 0.77592803417057, 0
0.566163790942233, 0.823262108000851, 0
0.551883531694218, 0.832773055794311, 0
0.703826613444548, -0.709383596077796, 0
0.581526305640756, 0.812590139193449, 0
0.804587154930223, -0.592768220875192, 0
0.845810773033584, -0.5323308802811, 0
0.998754238253012, -0.0399215523413025, 0
0.994228390709329, -0.103004489388517, 0
0.998757225833748, 0.039829366189693, 0
0.994227425552734, 0.103011605991234, 0
0.629096100399535, 0.776372099766783, 0
0.555805161514865, 0.830334768503306, 0
0.539552220474729, 0.840869167624581, 0
0.836366297248416, 0.547075090973955, 0
0.873532836671978, 0.485557937524055, 0
0.995753366763669, -0.0870256348260241, 0
0.988236942614859, -0.149907263445194, 0
0.482709427764452, 0.874706293891686, 0
0.462699525270314, 0.885299654387481, 0
0.410746137675612, -0.9096013381564, 0
0.404066516976262, -0.912146244233906, 0
0.511971933744205, 0.855623494072871, 0
0.998242059685909, 0.0566548146889865, 0
0.994580931731341, 0.101923419814056, 0
0.822585284419809, -0.565751274756005, 0
0.858757358514908, -0.51006834397299, 0
0.473145397389918, 0.879972154914686, 0
0.451178053742239, 0.891296343273481, 0
0.495094119437959, 0.867925296586039, 0
0.988088464463034, -0.150877366347548, 0
0.976322087554677, -0.214122884600347, 0
0.999693101948105, 0.0152679631847516, 0
0.999549687996775, -0.023948951274799, 0
0.836190382015856, 0.546667948473293, 0
0.717085097103846, -0.682149608320581, 0
0.431899024329398, -0.889577941211665, 0
0.408948706526418, -0.911031057080348, 0
0.429587595411417, -0.90172273150465, 0
0.524470934404801, -0.850210037316068, 0
0.390125388389764, -0.918919248177771, 0
0.451175701972986, -0.891297416423028, 0
0.539544903347619, -0.840874378529839, 0
0.473129858001155, -0.879979741805537, 0
0.555485966276826, -0.830555275624379, 0
0.494395273287019, -0.868343128722095, 0
0.569883087255787, -0.820846170058757, 0
0.628604689128272, -0.776754067605212, 0
0.364225299470048, 0.928258705068942, 0
0.374470565846757, 0.924927355711341, 0
0.846880385823784, 0.530687134235258, 0
0.999261365242984, 0.0239583332839203, 0
0.995752733171315, 0.0870194320145623, 0
0.796677606333534, 0.603408305898109, 0
0.874612835014294, 0.483669860942328, 0
0.90606954193628, 0.421836619119791, 0
0.994182079251949, -0.103446577542681, 0
0.985568381765742, -0.166567412230599, 0
0.994162478369419, 0.103558419518273, 0
0.985489054048449, 0.166988721045188, 0
0.913636094823306, 0.405213274614008, 0
0.939258722062125, 0.341713830386933, 0
0.847419332834763, -0.529822528889401, 0
0.882685657967806, -0.468755556290522, 0
0.363389035493005, 0.927312064434235, 0
0.996414374861586, 0.082728656440745, 0
0.991218747328854, 0.13045922904583, 0
0.999785032107232, -0.0127628433194758, 0
0.998456520152471, -0.0523169477049583, 0
0.788852089931088, 0.612290450203887, 0
0.822585284402927, 0.565751274780429, 0
0.858757358501783, 0.510068343994967, 0
0.890486043165187, 0.452110517198732, 0
0.91093370365247, 0.410251078324144, 0
0.77534224270303, 0.627743300038013, 0
0.936889454526318, 0.346749169942817, 0
0.947219355894644, 0.318321091704197, 0
0.998982531314382, -0.0423757974957624, 0
0.996362526754573, -0.0831561423790075, 0
0.997778118447217, -0.0647597850322759, 0
0.993997849320335, -0.107622224439866, 0
0.996678056717316, -0.0796117751679393, 0
0.99186873210023, -0.125380753382297, 0
0.996064736106171, -0.0863440605690203, 0
0.930586429351681, -0.363601127714541, 0
0.890486043177025, -0.452110517175603, 0
0.910933703661646, -0.410251078303918, 0
0.539390423726782, 0.840755398436783, 0
0.443714348303554, 0.89476423719012, 0
0.529679869765982, 0.846692587019725, 0
0.426577677654412, 0.902786526704566, 0
0.990958471461841, -0.132337617420335, 0
0.462699525273839, -0.885299654385655, 0
0.662741876979268, 0.745810436826011, 0
0.493144304586246, 0.207458029612263, 0
0.351391148921413, -0.935022761835008, 0
0.380696425750581, 0.923642752069855, 0
0.351394127856575, 0.935021619156652, 0
0.387927933683833, 0.920531940305161, 0
0.415319174359279, 0.908644808517218, 0
0.389329111085988, -0.920011685426105, 0
0.363866726401132, -0.930305355916747, 0
0.279562096938146, -0.958049099926997, 0
0.25284108364129, -0.964504976463594, 0
0.40356705346758, -0.911410288209919, 0
0.236717177651072, -0.968174587391441, 0
0.418127103386843, -0.90316017883164, 0
0.358743917955919, -0.908195966476687, 0
0.460189108290469, -0.879099382654898, 0
0.493476483986438, -0.675195082607262, 0
0.55676857960382, -0.812934782365116, 0
0.615584262093327, -0.455764123920072, 0
0.754865261833695, -0.602937946071849, 0
0.845572358109587, -0.133898601956041, 0
0.505608020493561, 0.637356352779886, 0
0.332636040825309, 0.92832713362943, 0
0.976241820585894, -0.214502019772923, 0
0.640944442958337, -0.766521801466396, 0
0.693869940753907, -0.719144974936618, 0
0.995662545394378, -0.088187733910342, 0
0.514493345320405, -0.856744973914529, 0
0.883950642091716, -0.466414736044168, 0
0.332950195701975, 0.941413063443296, 0
0.304834155595938, 0.950545844480606, 0
0.939349455561669, 0.341496043476526, 0
0.985597957448682, -0.166576748044504, 0
0.972918617002381, -0.229059536027171, 0
0.985465475277814, 0.167149593173166, 0
0.90685924327967, 0.420184934568876, 0
0.995673052718268, 0.0880051102036685, 0
0.808391757554904, -0.587627480494867, 0
0.414514920931403, -0.0841023991259332, 0
0.402572296180736, -0.278717554376468, 0
0.966221035361409, 0.254872233515106, 0
0.999936605915858, 0.00875514240282345, 0
0.970826512467845, 0.237568844028975, 0
0.957296858804311, 0.287199995058169, 0
0.994607766952381, 0.10191244256509, 0
0.990413972626873, -0.135806207169374, 0
0.996180187662058, -0.0839379934070537, 0
0.926412619625872, 0.372611655768939, 0
0.93688945453387, -0.346749169922624, 0
0.947219355900627, -0.318321091686553, 0
0.928661687252165, -0.368993534221195, 0
0.957296858808734, -0.28719999504358, 0
0.970826512471487, -0.23756884401426, 0
0.976222775248231, -0.214899607247193, 0
0.966956143082989, -0.253213115049768, 0
0.981958622165859, -0.187357405427454, 0
0.987927980059775, -0.15308340154057, 0
0.991218747329774, -0.130459229038997, 0
0.987600352683495, -0.155170071416884, 0
0.996925469242432, 0.0739912815517151, 0
0.939834829712313, 0.340106817667805, 0
0.99938991644018, -0.0279044940899317, 0
0.994833647394179, 0.0992457877478784, 0
0.845817300832658, -0.532262094204831, 0
0.999703662025474, -0.0193867048242088, 0
0.987600352682278, 0.155170071424501, 0
0.906394050690889, 0.421104144878586, 0
0.865985701476533, -0.49619681581318, 0
0.42958759538887, 0.901722731515366, 0
0.321126152011172, 0.94563119785034, 0
0.998854881795098, 0.0440496598127989, 0
0.887672295960051, 0.459113200703832, 0
0.752889799631621, -0.656791479612719, 0
0.982893374680244, -0.182237218330054, 0
0.68489493054854, -0.727617979907007, 0
0.743685259004307, -0.667523908439791, 0
0.748591772350895, -0.662178171227776, 0
0.794025905561429, -0.60685467565655, 0
0.791185236109926, -0.610493029921939, 0
0.836076418004179, -0.547502631247119, 0
0.837797327215449, -0.544866788807806, 0
0.874257619245454, -0.484316594579234, 0
0.873513697578985, -0.485594413114032, 0
0.962578830664785, -0.269215766074337, 0
0.941299700250559, -0.336025678654512, 0
0.93058642935447, 0.363601127707416, 0
0.985747025868841, 0.165492503256266, 0
0.97279359845074, -0.229613119611415, 0
0.988080655144523, 0.150925614208817, 0
0.536005028477102, 0.841364227884393, 0
0.635726884756133, 0.769568180636248, 0
0.972702980411315, 0.229989553589212, 0
0.955198813947086, -0.294234176382371, 0
0.95514983848255, -0.294048305841427, 0
0.960031458461187, -0.278141105076154, 0
0.606977064564838, -0.786887866568183, 0
0.379846512695166, -0.918258434647854, 0
0.473940908283202, -0.497847615279511, 0
0.386721886045401, -0.85436670950568, 0
0.289989277224642, -0.955347953465033, 0
0.258120827949572, -0.96402892929772, 0
0.435487284629199, -0.899362156378767, 0
0.214875500179407, 0.974619723599789, 0
0.988099092698589, 0.150862979084315, 0
0.876507193823034, -0.480149008671625, 0
0.914168417863676, 0.403992298766552, 0
0.462260135746092, -0.885936713648643, 0
0.994062795656454, -0.10408030137557, 0
0.994196149930565, 0.103081404233399, 0
0.876874845834057, 0.479607276569333, 0
0.548139475696931, -0.634153001121931, 0
0.336311352744207, 0.0167809718091208, 0
0.960049619675086, -0.27810545922037, 0
0.976270452100243, -0.214246967951778, 0
0.431899024309552, 0.889577941219879, 0
0.386721886214603, 0.854366709232779, 0
0.998688707044841, -0.0489348380230962, 0
0.99802113587207, 0.0610962077123459, 0
0.983439918635034, 0.178414405259406, 0
0.438381270930714, 0.416939284994394, 0
0.994607766953072, -0.101912442558495, 0
0.979658877562211, -0.198295882159826, 0
0.59406573666181, 0.802929191987444, 0
0.887908472880767, 0.458073778827295, 0
0.374470565879669, -0.924927355698169, 0
0.225824697386666, -0.971477290527393, 0
0.997391254829452, -0.0681334663734513, 0
0.998996347020958, -6.27180461049891e-12, 0
0.999215421675617, 0.0262613593098149, 0
0.581492219401305, -0.812612885057714, 0
0.523620471156437, -0.851073834940402, 0
0.441818271345914, -0.896206574248698, 0
0.597195612559831, -0.801232733175195, 0
0.467126149126616, -0.883371022450862, 0
0.759653475512117, 0.649346271047191, 0
0.7123080974022, 0.700950993894886, 0
0.765298960081368, 0.64278930707042, 0
0.721448266583024, 0.691593005720747, 0
0.857142172688767, 0.511878795188371, 0
0.616358179783274, 0.786084908126662, 0
0.236538137552961, 0.968209484678534, 0
0.349666724223205, 0.367360524429965, 0
0.662908726320763, 0.747847521254249, 0
0.973327645475632, 0.22735370305548, 0
0.694239622912579, 0.718735378746285, 0
0.641779101470815, 0.766019593310554, 0
0.703093225062253, 0.71023634280652, 0
0.65497225835885, 0.754797713647706, 0
0.589497040679166, 0.806951351350219, 0
0.916986771158708, -0.3974991563671, 0
0.827486452811016, 0.540849949010633, 0
0.999099345649355, -0.0339350784603294, 0
0.996078233030554, -0.0848570134112935, 0
0.562020228130756, -0.823206196565809, 0
0.988233426459857, 0.149929874433902, 0
0.697477407300972, -0.706641549802822, 0
0.933162943338405, 0.358027096471901, 0
0.933505814038218, 0.357157603897226, 0
0.606725144686603, -0.793757880924252, 0
0.501311405688005, 0.863623063310508, 0
0.28821115575681, -0.955395224689564, 0
0.717085097099443, 0.682149608324697, 0
0.736191805468812, 0.674330527948665, 0
0.955732321679794, -0.292535680924405, 0
0.967619428443618, -0.250425407394424, 0
0.974595827972251, -0.222202860085461, 0
0.615683105969647, 0.786396654557054, 0
0.250730314434591, 0.964938028497329, 0
0.790464892516757, -0.603972904820462, 0
0.331366749265747, 0.895529056103065, 0
0.36338903553537, -0.927312064418377, 0
0.487095580251189, 0.756586056694727, 0
0.606977064549738, 0.786887866579178, 0
0.790464892506909, 0.603972904833448, 0
0.346285081353395, 0.0812270185013556, 0
0.158432533809376, -0.985807825300806, 0
0.346285081371262, -0.0812270188102092, 0
0.438381271035797, -0.416939285343249, 0
0.278481502591528, 0.959329695969743, 0
0.199005332939513, -0.97847389186287, 0
0.31433556128913, 0.948332376346655, 0
0.31700343391898, 0.32402374694988, 0
0.206586416945048, 0.976748087715773, 0
0.247570939947461, 0.967511381723286, 0
0.310290556345181, 0.9494962882095, 0
0.355505006482767, 0.933888847624798, 0
0.442513947381628, 0.895886185168131, 0
0.383764573256222, 0.922595830515473, 0
0.467413297591479, 0.883221881272316, 0
0.413922752981221, 0.909522453193047, 0
0.712916586134235, 0.572146527820033, 0
0.849074564881313, 0.00336634650041897, 0
0.187969391542047, -0.981389848047478, 0
0.290567738339122, -0.955863521669101, 0
0.319730758699573, -0.946475922589406, 0
0.263777837338291, -0.963599614033675, 0
0.382343274471238, -0.923143330743409, 0
0.413639914026284, -0.909653578166668, 0
0.493219090578731, 0.869183072698197, 0
0.492793739886307, -0.869426718265012, 0
0.98518398231148, 0.169344322089028, 0
0.992768851449174, 0.117208882301042, 0
0.98195862216412, 0.187357405436451, 0
0.975975535532535, 0.216167805566753, 0
0.999937905024578, -0.00678793440671523, 0
0.999837423601317, 0.0142847597596218, 0
0.997399644198703, 0.0700346393172857, 0
0.99641437486198, -0.082728656436232, 0
0.998021135872337, -0.0610962077082569, 0
0.997497567741383, -0.0677032580923027, 0
0.999834736950652, -1.84446670899637e-12, 0
0.99932228338713, 0.0284107460993357, 0
0.999601556082167, 0.0174074430706481, 0
0.984942801050898, 0.170880946646735, 0
0.914640217002193, -0.402889349472955, 0
0.999937905024579, 0.00678793440668399, 0
0.993272590991143, -0.113703220043748, 0
0.986233458102749, 0.162644049422789, 0
0.984075088999862, 0.17587036735132, 0
0.99618018766253, 0.0839379934015581, 0
0.976314017223449, 0.214161190403491, 0
0.976702127762274, 0.212398149954013, 0
0.443828956223348, -0.894729868970336, 0
0.976703480836483, -0.212391691771518, 0
0.543936531924492, 0.838324862308125, 0
0.939835098914394, -0.340105988776527, 0
0.973348604520023, -0.227265826920585, 0
0.712227419350754, 0.69996337038417, 0
0.933176763033091, -0.357949773315314, 0
0.934266794768798, -0.355085205405617, 0
0.75373185836677, 0.603663253714415, 0
0.959111457252311, 0.217243474251307, 0
0.525198628695367, 0.848772415281072, 0
0.983135121089739, 0.178838665305483, 0
0.709082199604182, -0.699848107521461, 0
0.955691984056756, 0.292671103656717, 0
0.956914728268203, 0.288658471643962, 0
0.906397702887822, -0.4212669550777, 0
0.91369969716736, -0.405082238324623, 0
0.914689173721011, -0.402894258298703, 0
0.955227750603225, 0.294209714831485, 0
0.955588913807295, 0.29293326369926, 0
0.999780448835957, -0.019153778276707, 0
0.389806241524171, 0.912035809664001, 0
0.379829684481912, -0.924273752591324, 0
0.347877428093597, -0.936667743764844, 0
0.256676261748077, -0.961543373776483, 0
0.211743225257114, 0.976302780438132, 0
0.838934383530376, -0.543042418618563, 0
0.411939521502235, -0.910520589578581, 0
0.887104587882811, -0.460476123572092, 0
0.912108196906932, -0.40844185772976, 0
0.983893764333449, -0.175654162220763, 0
0.985814059314221, 0.165251157462154, 0
0.939392886750139, 0.341478967497745, 0
0.959978364855971, 0.278335498084802, 0
0.544357895197396, -0.837942336469945, 0
0.249302253748982, -0.965407284503584, 0
0.207138678580143, -0.977059347352992, 0
0.332571541841757, -0.942497820495307, 0
0.363247167131505, -0.410190617146083, 0
0.292285356400761, 0.955542006172922, 0
0.916341804444147, -0.399360727239903, 0
0.916081148107624, 0.39989622568897, 0
0.8819549636561, 0.469980595359047, 0
0.959201374678669, 0.280863859516869, 0
0.254318293208358, -0.966191785065746, 0
0.562628746648487, 0.826065788692024, 0
0.449571175621459, 0.892395995131578, 0
0.366950183261189, 0.929676776888836, 0
0.449050253512935, -0.892691821473933, 0
0.993955170982154, -0.105868218733551, 0
0.994136354265081, 0.104451542152109, 0
0.998899957724444, 0.0342795933724718, 0
0.673528111454856, 0.738237160864607, 0
0.735538218787869, 0.676753520631421, 0
0.959251540545788, -0.280674775036596, 0
0.976430661407184, -0.214159512799948, 0
0.988671800568376, -0.146438040971686, 0
0.60474822868991, 0.795580322472787, 0
0.536166199503788, 0.843371257473317, 0
0.666671053259283, 0.744752082060555, 0
0.932633261545028, 0.359164226257558, 0
0.956297310061854, 0.291095489875685, 0
0.395701204033526, 0.167458375229132, 0
0.385407769223579, 0.922185434033254, 0
0.133788418579245, 0.990121280143164, 0
0.180814979812798, 0.982574567103404, 0
0.895454939521289, 0.34286178248396, 0
0.900147061678656, -0.332053363418702, 0
0.620983297772378, 0.75829308390641, 0
0.155475699486454, -0.986972438086369, 0
0.379846512657242, 0.91825843466215, 0
0.544312272069543, 0.834008840063725, 0
0.473940908270114, 0.497847615028017, 0
0.487095580167926, -0.756586056887292, 0
0.999486512191957, 0.0301830988332251, 0
0.993272590990178, 0.113703220051924, 0
0.997330504562739, 0.0701017396685315, 0
0.966956143080034, 0.253213115060926, 0
0.958238105898267, 0.284318715576826, 0
0.998947853982674, 0.0356339936322818, 0
0.997164540969372, 0.0694614265719854, 0
0.9885048713358, 0.147433827992592, 0
0.999651835687143, 0.00237332808753086, 0
0.999768970856297, -0.0165140902428795, 0
0.999322283386978, -0.0284107461044713, 0
0.999572963744271, -3.37661473352849e-12, 0
0.99706107327589, -0.070733130325709, 0
0.99000486282878, -0.137806938288441, 0
0.977590568654359, -0.207336509582801, 0
0.999220654380807, 0.0375083077653786, 0
0.998928431711422, 0.0440708079041896, 0
0.993895633690202, -0.105687982887983, 0
0.983963376547702, 0.175641710279391, 0
0.96946114677414, 0.243160556174644, 0
0.976185387075497, 0.214648792170307, 0
0.944331390200504, 0.327267854391801, 0
0.818177414886546, 0.529894611653153, 0
0.829816680582643, -0.534701613766066, 0
0.654263978450173, -0.752629921665939, 0
0.968715775587735, -0.245902223604747, 0
0.975280674689882, -0.219058875021602, 0
0.956361679394845, -0.290559544412313, 0
0.966340397047119, -0.255271294419342, 0
0.943475492702501, -0.329845975276338, 0
0.931942475629955, -0.361372025916769, 0
0.998928431711519, -0.0440708079023032, 0
0.999486512192008, -0.0301830988317866, 0
0.996759339026165, -0.0771054736940816, 0
0.992697685475202, -0.118417051033343, 0
0.990912154478704, -0.132145379027263, 0
0.813998988471525, -0.578677057677487, 0
0.775405549008974, -0.630650100800365, 0
0.721994787410242, -0.69105854320633, 0
0.840341062689839, 0.521409022254655, 0
0.312907904172649, -0.947629530442503, 0
0.888168254623642, -0.457893143064247, 0
0.976222775245631, 0.214899607258856, 0
0.43668781306334, 0.736131156367264, 0
0.987927980058355, 0.15308340154958, 0
0.993885982358802, 0.105751038046816, 0
0.855611516424908, 0.515384909196658, 0
0.818254917856202, 0.573817261667044, 0
0.408948706501019, 0.911031057091707, 0
0.289989277191877, 0.955347953474723, 0
0.199005332903132, 0.978473891870324, 0
0.158432533785158, 0.985807825305779, 0
0.258120827911539, 0.964028929307584, 0
0.36569470933804, -0.505095417389704, 0
0.153618718857452, -0.986127933308546, 0
0.211737759349747, -0.976304150956537, 0
0.167211495416432, -0.984746967784481, 0
0.590567492791169, 0.805413444125987, 0
0.511345216511325, 0.857977675496255, 0
0.598663048158174, 0.799704197962805, 0
0.865985701461715, 0.496196815838927, 0
0.915809044690193, 0.39594106201893, 0
0.961579138883806, 0.268633686445539, 0
0.963042583921117, 0.259569953046652, 0
0.274748390135363, 0.953329736155123, 0
0.363956727572954, 0.441205612608412, 0
0.493144304617096, -0.207458029760522, 0
0.962922789566292, 0.265844379886841, 0
0.984662847879732, 0.168074800115423, 0
0.300605418207397, 0.952271190052032, 0
0.966740596477464, -0.194933777223102, 0
0.998936642087752, -0.0361105658035951, 0
0.997147352054222, -0.0699176130242742, 0
0.661616168313648, -0.747215864057102, 0
0.601068205489148, -0.798522359613916, 0
0.662845778262548, -0.747992138527817, 0
0.618940769956403, -0.78462568716592, 0
0.683883304524089, -0.728687478847048, 0
0.990909030146996, -0.129540288710546, 0
0.991940130053352, -0.124067752552175, 0
0.984942801051012, -0.170880946646033, 0
0.993324917727909, -0.112879400207399, 0
0.920930907510155, 0.388036626572697, 0
0.503519152483051, 0.85394174944438, 0
0.396054480989809, 0.908471466516854, 0
0.269896915730643, 0.958894420477604, 0
0.993335684441408, 0.110929816557919, 0
0.523398791523692, -0.850299873684775, 0
0.99923673955404, -0.0312292499316844, 0
0.999516704242404, 0.0191781093394135, 0
0.997391254829266, 0.0681334663764082, 0
0.716735913615242, -0.694874938856001, 0
0.91464021700146, 0.402889349474613, 0
0.94129968512004, 0.336025725789704, 0
0.916986771158329, 0.397499156367971, 0
0.814528835853449, -0.578445037932012, 0
0.854985835678681, -0.517113386532677, 0
0.898744242584363, -0.436896540049687, 0
0.869162244604842, -0.492819096822342, 0
0.912223845148705, -0.407969144359019, 0
0.932913032359168, -0.358489427637927, 0
0.923545407520194, -0.381958701878226, 0
0.950630778596863, -0.308718988381146, 0
0.95823810590174, -0.284318715565241, 0
0.97045110440103, -0.239587188624733, 0
0.23401030352721, -0.9699080819844, 0
0.926412619635443, -0.372611655745453, 0
0.962922789571337, -0.265844379869088, 0
0.915809044700798, -0.395941061994892, 0
0.884230686312051, 0.465746231809325, 0
0.920928261358203, 0.388270757826879, 0
0.764753774258628, 0.642421385648468, 0
0.81452883584044, 0.57844503795026, 0
0.86916224459464, 0.492819096840248, 0
0.898744242576626, 0.436896540065516, 0
0.912223845141333, 0.407969144375371, 0
0.893406433527131, 0.44781726551489, 0
0.197601500459541, -0.973525814803688, 0
0.966221035365888, -0.254872233498348, 0
0.983439918637433, -0.178414405246554, 0
0.983135121092088, -0.178838665293251, 0
0.985183982313498, -0.169344322077484, 0
0.992768851450254, -0.11720888229238, 0
0.961579138889091, -0.268633686427774, 0
0.996078233029932, 0.08485701341842, 0
0.943823680874501, 0.328881016670133, 0
0.962578794032568, 0.269215907714182, 0
0.496064208219187, -0.866289876200468, 0
0.498218765851467, -0.86452520265957, 0
0.364225299509299, -0.928258705053846, 0
0.999440410063503, 0.0312395772403777, 0
0.22387985157861, 0.973595175475407, 0
0.976322511562091, 0.214579251617953, 0
0.987858816820781, 0.15343910260947, 0
0.981473108267561, 0.189866618932372, 0
0.394888057809218, -0.146731624497061, 0
0.958929097976174, -0.282005474760529, 0
0.53602435976903, -0.841352552006783, 0
0.662750011115193, -0.745803678773982, 0
0.971711581626109, -0.234412735666889, 0
0.976322511561987, -0.214579251618384, 0
0.834945548669823, -0.549167246804527, 0
0.789435523334184, -0.612677367824227, 0
0.874119499954019, -0.484453105380294, 0
0.835686032083272, -0.547975762536986, 0
0.611712605669308, -0.78520860841269, 0
0.773361216094011, -0.627662614378807, 0
0.63573094437997, -0.769564965584765, 0
0.927081456361155, -0.373069267872012, 0
0.907541950033001, -0.417904721431979, 0
0.943440942718942, -0.329510899888698, 0
0.874121393097977, 0.484449684679505, 0
0.90804459220231, 0.417503588452146, 0
0.876519476017547, 0.480050542520185, 0
0.99438620073423, -0.101580449739016, 0
0.991940130053114, 0.124067752554175, 0
0.998776040668628, -0.0390315366819764, 0
0.827487119008118, -0.540849068483674, 0
0.996925469242687, -0.0739912815480736, 0
0.960017915505221, 0.278189432049861, 0
0.264741131871309, -0.962392845667262, 0
0.994641886721494, -0.0992317452870121, 0
0.989329504140674, -0.143202087430514, 0
0.738775094435531, -0.672866377293904, 0
0.677698236284991, -0.734230090774425, 0
0.7358787066837, -0.675937390131341, 0
0.978624859767079, 0.203484961794482, 0
0.621401840496842, 0.782271052346585, 0
0.689154383062367, 0.723324007809511, 0
0.274053137089467, 0.959511116774008, 0
0.327926739552033, 0.943934875264994, 0
0.371095899983457, 0.927749428836372, 0
0.411698343361162, 0.910621861468598, 0
0.379817323616487, 0.924266993628098, 0
0.291009508309447, 0.955906422238503, 0
0.348043083897896, 0.936601987257908, 0
0.994385138441965, 0.101588341796595, 0
0.750419548391388, -0.659729820644817, 0
0.804594148787913, -0.592527798643681, 0
0.810520328500304, -0.58429661065856, 0
0.802121618844804, -0.595955848264874, 0
0.847892120129002, -0.528889342214639, 0
0.759779082953303, -0.648665311225112, 0
0.997399644199109, -0.0700346393117378, 0
0.6914761681417, 0.721233547740135, 0
0.191458778763586, 0.975775798849657, 0
0.390415814354855, 0.099742834480045, 0
0.383899217677495, -0.523352007343844, 0
0.154695987135418, -0.987052458603225, 0
0.395284677153603, 0.171947616547623, 0
0.133702453068573, -0.990699666980499, 0
0.414486566031205, 0.747666593548679, 0
0.186552142645755, 0.98117371080359, 0
0.996759339025654, 0.0771054737005047, 0
0.833344627924139, -0.550816911056637, 0
0.375859522668568, 0.918601464463651, 0
0.346501072291224, 0.935769554731831, 0
0.60230980937446, -0.796132872989168, 0
0.999869465825733, 0.00991861069477297, 0
0.999837423601325, -0.0142847597591761, 0
0.990958471461911, 0.132337617419869, 0
0.891122026123772, 0.452045517743224, 0
0.865067588844962, 0.500646661259005, 0
0.822715101883619, 0.567490936923668, 0
0.900332374477437, 0.434100861761798, 0
0.81301488434633, 0.580433916569203, 0
0.775089910271483, 0.631001742662655, 0
0.792878929811305, 0.608505490778856, 0
0.772227719243975, 0.632192235591148, 0
0.82016651307913, 0.569633361516807, 0
0.995996338692719, 0.0844706603459111, 0
0.835687215233638, 0.547973986664427, 0
0.690797127622668, 0.721594759819484, 0
0.84728427769323, 0.133237226535606, 0
0.651031722825864, -0.75812683610126, 0
0.66265125145682, -0.748070809674573, 0
0.61096571393547, -0.790889718885368, 0
0.673079517314384, -0.738625501476995, 0
0.721449337755562, -0.691574053606191, 0
0.735419879836572, -0.676883318353989, 0
0.772286319310755, -0.634472478296678, 0
0.712271186431353, -0.700984600932722, 0
0.543518485370641, -0.83860705233655, 0
0.408839805946397, -0.911663536668902, 0
0.919984161285384, -0.390317871359712, 0
0.766087573550884, -0.641789711209307, 0
0.813045282490194, -0.581181107342923, 0
0.425913259177479, 0.381424194846368, 0
0.516129616923228, -0.848155755791243, 0
0.671645063593509, -0.728123168532344, 0
0.604182489662932, -0.779290209406101, 0
0.281717693301576, -0.95344601643527, 0
0.376622514014466, 0.496941661830171, 0
0.1524946542246, 0.98603430023571, 0
0.206731017784869, 0.977359783583875, 0
0.52106987324695, 0.852036823114738, 0
0.291838680892202, -0.93134047738702, 0
0.851483816970465, -0.522607970106239, 0
0.998784099902871, 0.0386723731710461, 0
0.94755663491014, 0.317998286547743, 0
0.980883461217043, 0.19265152446849, 0
0.988543759904899, -0.147935052915361, 0
0.852575564090996, -0.521241044526566, 0
0.750419548390336, 0.659729820646005, 0
0.997911978687538, -0.0609189576064213, 0
0.999936605915862, -0.00875514240246861, 0
0.588638210845851, -0.806995462433406, 0
0.998823684594972, 0.0387992556589651, 0
0.88776116367888, 0.458515181933398, 0
0.950630778592727, 0.308718988393784, 0
0.617086842553177, -0.785852077430569, 0
0.882693433781169, -0.468695743659647, 0
0.978624879664005, -0.203484867591644, 0
0.367264032359764, -0.929545125078783, 0
0.861251768850786, 0.497398337348281, 0
0.639584608700155, -0.767718394144485, 0
0.884714320001521, 0.463636235709508, 0
0.717165051217991, 0.695935522674393, 0
0.82076221783084, -0.569704171526962, 0
0.7721982077509, 0.634560961603734, 0
0.998891509260171, 0.037660476821861, 0
0.651046158880449, 0.758113732084198, 0
0.36111762681973, 0.931227184928622, 0
0.965689522497288, -0.25798375623473, 0
0.441258599271639, -0.577007606781997, 0
0.308411358396277, -0.922489643796286, 0
0.850759556406161, -0.524486851817715, 0
0.503262861831292, 0.863171349798726, 0
0.466283652201468, -0.882120237561922, 0
0.999956085351373, -7.78739341530018e-13, 0
0.598663230879204, -0.799704045695404, 0
0.759778988147836, -0.649189607161806, 0
0.418105293595733, 0.903170145405052, 0
0.539390423729189, -0.840755398435258, 0
0.993158270226151, 0.107919396007471, 0
0.80450999636478, 0.592873407750927, 0
0.860446152620347, -0.508073906247627, 0
0.561855123078335, -0.826606408052805, 0
0.989051151566759, -0.144620232792068, 0
0.91362953201916, -0.405204901016399, 0
0.807246930322961, 0.58924486535507, 0
0.572672483506356, 0.818890196259423, 0
0.905835557520409, -0.422355769406315, 0
0.999851979184696, 0.0153432552151205, 0
0.916691717681133, 0.396394477596064, 0
0.838856100042284, 0.543041583972556, 0
0.943440942720736, 0.329510899883591, 0
0.988118742470303, -0.150738898934028, 0
0.920928261358288, -0.388270757826669, 0
0.549808599130754, 0.547394929053603, 0
0.946877381856284, 0.309923864590518, 0
0.861252223938823, -0.497397666285794, 0
0.950822321258475, -0.286142154425799, 0
0.403470498713979, 0.911447736213643, 0
0.744657907983131, 0.66641059564569, 0
0.24018346435574, 0.969440957479348, 0
0.321126152040541, -0.945631197840613, 0
0.992697685474347, 0.118417051040373, 0
0.333485185836975, 0.942191015278957, 0
0.285304031373467, 0.957357348754731, 0
0.99464179138032, 0.0992324679343902, 0
0.415744982534777, -0.908487671433918, 0
0.999961965893379, -0.00645523712672498, 0
0.487063700423144, -0.872722589813307, 0
0.989718952450516, -0.110430575315932, 0
0.99606473610651, 0.0863440605651735, 0
0.51674775242944, 0.855302485049353, 0
0.83994765974518, 0.541682980681874, 0
0.772229541469218, -0.632190210954666, 0
0.995844824727154, 0.0860602386658331, 0
0.999256516962804, -0.0242463174663746, 0
0.883646444221953, -0.46158649941703, 0
0.994833647394265, -0.0992457877469181, 0
0.523818264507451, 0.850956294066041, 0
0.795411921670297, -0.605037312870502, 0
0.92708145636267, 0.373069267868265, 0
0.986816118645809, -0.160084638220132, 0
0.876530618390407, 0.443748503482037, 0
0.997911978687403, 0.0609189576088317, 0
0.707043765178643, -0.702980093538903, 0
0.403710248677356, 0.912275396499329, 0
0.756209925420411, 0.653207344078532, 0
0.987858816820805, -0.15343910260926, 0
0.671337213060325, -0.739781966875127, 0
0.529434092396946, -0.846827549528533, 0
0.882920365494846, 0.468309496169602, 0
0.948591435172356, -0.314458662615815, 0
0.928661687245237, 0.368993534238496, 0
0.990004862829785, 0.137806938281294, 0
0.999442863879947, 0.0205952142443528, 0
0.986980552333249, 0.158173228830133, 0
0.932913032353747, 0.358489427651915, 0
0.887908472890801, -0.458073778807958, 0
0.993158270224797, -0.107919396019811, 0
0.880358460650288, -0.473271384328428, 0
0.736193483808016, -0.674328809745407, 0
0.671336981876114, 0.739782177979827, 0
0.380672988148842, -0.923652555122644, 0
0.583487902234387, -0.0468295542113522, 0
0.606730874353327, 0.793753518975891, 0
0.974412429889878, 0.222711860768164, 0
0.950822234307702, 0.28614238530072, 0
0.893009250568008, -0.433628098700412, 0
0.990413972627575, 0.135806207164282, 0
0.999199557849012, -0.0268976315195197, 0
0.752889799631392, 0.656791479612973, 0
0.351302328326921, -0.93531034792549, 0
0.907541950035466, 0.41790472142663, 0
0.524470934384998, 0.850210037328264, 0
0.977452314164979, -0.208964060708586, 0
0.994580931731928, -0.101923419808489, 0
0.985759557653139, -0.165426623780073, 0
0.990912154477616, 0.132145379035293, 0
0.911275028675838, 0.410383007957321, 0
0.672857844894919, 0.738548747675897, 0
0.496064208192643, 0.866289876215629, 0
0.997061073276404, 0.0707331303186486, 0
0.83334462791079, 0.550816911076752, 0
0.539252679151499, -0.817278487885379, 0
0.424475037618824, -0.903670714941721, 0
0.847001951463543, 0.530558923617312, 0
0.988543163731843, 0.1479390289926, 0
0.998242059686112, -0.0566548146856638, 0
0.283931635027333, -0.957900482857067, 0
0.926693427401369, 0.374307090721825, 0
0.672859314614268, -0.73854739109218, 0
0.954919370814484, -0.293682840595359, 0
0.597445101899922, 0.801047320464917, 0
0.961107612971901, -0.274393261787977, 0
0.998369730670458, 0.0441074774340635, 0
0.973906368655428, 0.224615760104621, 0
0.337187046286175, -0.940186965847212, 0
0.958932305978089, 0.281917289273579, 0
0.984075089001461, -0.175870367342485, 0
0.857481520348389, 0.512452597179842, 0
0.980883461218967, -0.192651524458803, 0
0.611845690472233, 0.790211390360064, 0
0.960293889887449, -0.277221541678854, 0
0.993324917727761, 0.112879400208809, 0
0.792071014101304, 0.608389332294335, 0
0.972497531359965, 0.230860810633547, 0
0.944331390205336, -0.327267854378005, 0
0.998369730670038, -0.0441074774433556, 0
0.893009250565367, 0.433628098705225, 0
0.955153932180203, 0.294431151559457, 0
0.96639291797011, -0.255384320984114, 0
0.856871407763572, -0.51425004269116, 0
0.974416736102757, -0.22269377506415, 0
0.999440410063495, -0.0312395772405968, 0
0.772368595128899, 0.633441052927359, 0
0.9996915487851, -0.0225799877706112, 0
0.256676261724967, 0.961543373782965, 0
0.998854881794921, -0.0440496598166729, 0
0.999869465825738, -0.00991861069422682, 0
0.999220654380941, -0.0375083077621712, 0
0.390125388361244, 0.918919248189783, 0
0.97045110439837, 0.239587188635405, 0
0.999703662025441, 0.0193867048257002, 0
0.955385743911563, -0.293579662205243, 0
0.936341153322621, 0.349576729915204, 0
0.986236952819807, -0.162624918314691, 0
0.887672295960346, -0.459113200703272, 0
0.997330504563134, -0.0701017396633714, 0
0.956927449715848, -0.288615982677808, 0
0.98147310826734, -0.189866618933474, 0
0.269621630748965, 0.952738341292885, 0
0.884230686312779, -0.465746231807955, 0
0.936346287336344, -0.349562670674803, 0
0.9080470991663, -0.417497621184426, 0
0.993335684442311, -0.110929816550586, 0
0.975975535534671, -0.216167805557212, 0
0.7900733483086, -0.611769184044526, 0
0.22582469734234, 0.971477290537387, 0
0.876519896911927, -0.480049682982337, 0
0.697862532509975, 0.714556901103777, 0
0.977452123639654, 0.208965004417762, 0
0.934253754046323, 0.355121397966781, 0
0.346661264579385, 0.872661164716245, 0
0.984662847881618, -0.168074800105515, 0
0.621258959360187, 0.781704822066888, 0
0.933239009782443, 0.357796143335413, 0
0.992159327417215, 5.67094532166745e-08, 0
0.524218056455039, 0.849793510732252, 0
0.999245268318696, 0.0356798338887856, 0
0.961107278491652, 0.274394462781614, 0
0.412564621788678, 0.908888500091039, 0
0.906382887172117, -0.421127049856372, 0
0.960291357233563, 0.277230620728933, 0
0.939260303544974, -0.341708981837375, 0
0.963042583924859, -0.259569953034344, 0
0.959111600889475, -0.217243032932472, 0
0.94220159631981, 6.37357496262728e-07, 0
0.277129774635912, 0.958483962210512, 0
0.167776562214971, 0.984061103824728, 0
0.972784528676731, 0.229652375780129, 0
0.960925249229008, -0.274381908712937, 0
0.932443256279049, -0.359859588773549, 0
0.620599927132028, 0.411412925486298, 0
0.362063637901841, 0.829346853219064, 0
0.939407363555581, -0.341333811671941, 0
0.703670631844854, -0.579783389599814, 0
0.939524071629046, -0.341109587006233, 0
0.90491831627345, -0.416552427499299, 0
0.976226464606895, 0.214568756718569, 0
0.775342242722425, -0.627743300014047, 0
0.544312272094049, -0.834008840048278, 0
0.834695382302534, -0.545194774416664, 0
0.511971933774529, -0.855623494055024, 0
0.998933201843667, -0.0443929573503935, 0
0.539252679151751, 0.817278487881175, 0
0.997883586093957, 0.059995946817079, 0
0.214875500162352, -0.974619723600723, 0
0.577662255814637, 0.799050457469724, 0
0.994986116567719, 0.0924050980576965, 0
0.988198478248157, 0.141592536873881, 0
0.136352200875858, -0.990114185811847, 0
0.657842962530283, 0.738963863165741, 0
0.968319671349536, 0.230782130735886, 0
0.834695382287578, 0.545194774439601, 0
0.371152206063096, -0.92772831220514, 0
0.654263978427502, 0.752629921685682, 0
0.504134529791113, 0.852944901313594, 0
0.709082199586914, 0.699848107539171, 0
0.577662255855699, -0.799050457439704, 0
0.90491831626589, 0.416552427515003, 0
0.317003433924868, -0.324023747175148, 0
0.346661264348009, -0.872661165011078, 0
0.374955973664864, -0.0596547632765767, 0
0.397652857705694, -0.578187296838475, 0
0.389806241560812, -0.912035809649074, 0
0.240182981320413, -0.96944108721996, 0
0.278475892166084, -0.959331513738473, 0
0.504134529814762, -0.852944901298345, 0
0.314293566756053, -0.948347435780635, 0
0.252804570423544, -0.966612726389357, 0
0.291162097344421, -0.955857087555044, 0
0.328501828916139, -0.943734301266547, 0
0.378016744267184, -0.916762915700878, 0
0.269621630576694, -0.952738341387242, 0
0.190664103149657, 0.979188138757189, 0
0.25284068454694, 0.966602142768788, 0
0.363956727763091, -0.441205612925864, 0
0.408965243825421, 0.911606966709789, 0
0.374955973750184, 0.059654763015402, 0
0.397652857687092, 0.578187296733725, 0
0.136352200873858, 0.990114185813057, 0
0.167211988840308, 0.98474685414901, 0
0.153618718874087, 0.986127933304105, 0
0.436154088476466, 0.899019245276569, 0
0.462106460425954, 0.886046611676362, 0
0.486223593989037, 0.873217828716005, 0
0.86323002996818, 0.503879982250121, 0
0.747868988094882, -0.662811033692894, 0
0.998888144677771, -0.034813512440568, 0
0.999648254673303, -0.00332339037255985, 0
0.820543647154284, -0.57083574433132, 0
0.723551628700437, 0.687573854361445, 0
0.721213471853828, -0.690531466204435, 0
0.842018689824114, 0.538231411309849, 0
0.409447711361596, -0.908231148498183, 0
0.345198270886472, -0.935191183474531, 0
0.405098845378332, 0.91104550543452, 0
0.969435733155241, -0.243222205536295, 0
0.661602173670487, 0.747593811226509, 0
0.476484169473378, 0.875228021753732, 0
0.907122528426997, 0.419746945272923, 0
0.96850837476813, 0.246741351302515, 0
0.948143607255665, 0.315853538755342, 0
0.99581177176215, 0.0867857761452495, 0
0.995798163775769, -0.0870727207676216, 0
0.394138589121013, -0.918649973145955, 0
0.810011878843098, 0.585599649360182, 0
0.422904593064442, 0.900325977868988, 0
0.716999146795142, 0.694854132654579, 0
0.976148574863215, 0.215523429768372, 0
0.984250990289622, -0.174051075893201, 0
0.813008040060523, -0.581387113573893, 0
0.777773400832773, 0.624365137314599, 0
0.775235211176029, -0.628340152035518, 0
0.749614089348565, 0.661297880948089, 0
0.987205799652659, 0.157492086263005, 0
0.906935791079585, -0.420497014719639, 0
0.52053626713436, 0.853314708762437, 0
0.519763452810154, -0.853780152129833, 0
0.546016996011871, 0.837285262878258, 0
0.987120189785008, -0.158133638985075, 0
0.937620677799943, 0.346703707665608, 0
0.937520961120183, -0.346955949523747, 0
0.893697065989983, -0.447850986432218, 0
0.445042691760644, -0.894989632440612, 0
0.445014581301358, 0.895003649835745, 0
0.617612859102837, 0.785975966475952, 0
0.616643195497528, -0.786734753443776, 0
0.546361402276971, -0.837091382324924, 0
0.89442752039174, 0.446457978120113, 0
0.70519622073629, -0.708326684951459, 0
0.224105116549264, 0.973886001409129, 0
0.66270156784415, -0.72478130132848, 0
0.237226319029068, -0.970540922161163, 0
0.129340816340402, -0.990992859522318, 0
0.153390925801238, -0.985945300473442, 0
0.203784942544005, -0.978508329310088, 0
0.179327938006406, -0.982504966546653, 0
0.406617113182573, 0.904315434883253, 0
0.337039769348567, -0.935330106066512, 0
0.227968688702799, 0.97321284996328, 0
0.930922154150053, -0.364166313805952, 0
0.974383445274873, -0.223303508115299, 0
0.436148821567945, -0.890100649551936, 0
0.429260259597614, 0.894785409000351, 0
0.420384086683195, -0.900116463737838, 0
0.998212210248846, 0.0548537798829256, 0
0.577884513758009, -0.815530358009177, 0
0.432342695673918, 0.892907439668292, 0
0.855261915156382, -0.517550412952678, 0
0.998174606804607, -0.0556113776302751, 0
0.844771352943199, 0.534415500497047, 0
0.80646154937246, 0.590560830951999, 0
0.999238704150835, 0.0306906333380127, 0
0.999212664284532, -0.0315153128784221, 0
0.300140454081358, -0.95351876367397, 0
0.267611264635627, -0.963174643982258, 0
0.440209790135199, 0.0991313525819191, 0
0.439691515044707, 0.73511878940156, 0
0.865376107452194, 0.4654642193342, 0
0.227263456716212, 0.973211193042856, 0
0.976581078735483, 0.0014867553401697, 0
0.317950555467742, -0.944970419017856, 0
0.208357329592027, -0.976099021129277, 0
0.172642665333336, -0.983987142466795, 0
0.431984342525528, -0.475538245807834, 0
0.403992661367438, 0.311756295195689, 0
0.170598694270664, 0.979650605917413, 0
0.269645091091887, 0.962628955077579, 0
0.300979599442717, 0.953268435054419, 0
0.331220504686432, 0.943270980752339, 0
0.796660249747013, -0.603741004508951, 0
0.8803475923435, 0.47356469507359, 0
0.281208300175248, 0.959191085540009, 0
0.450901976345713, -0.88684753239733, 0
0.645675771387782, 0.749915310608884, 0
0.419153646108713, -0.571313937131454, 0
0.215662474643192, -0.967525106071891, 0
0.866365999886591, -0.463212563773711, 0
0.163302472987883, -0.985631416512752, 0
0.194058128549403, -0.980150793339113, 0
0.13876333947037, 0.989562999203097, 0
0.335079879400019, -0.941801394422932, 0
0.778212035509202, 0.627448259266266, 0
0.77713338625437, -0.628838130681359, 0